

INSERT INTO `conjunto_mio_bbdd`.`personas` (`id_personas`, `nombre`, `cedula`, `telefono`, `correo`,`contrasena`, `tipousuario`, `estado`) VALUES (1, 'ANGEL MARTÍNEZ', 914456435, 3134253648, 'CORREO1@GMAIL.COM', '*******', 'ADMINISTRADOR', 'ACTIVO'),
 (2, 'JUAN GARCÍA', 985323434, 3134253649, 'CORREO2@GMAIL.COM', '*******', 'RESIDENTE', 'INACTIVO'),
 (3, 'ANA FERNÁNDEZ', 934565343, 3134253650, 'CORREO3@GMAIL.COM', '*******', 'RESIDENTE', 'ACTIVO'),
 (4, 'ELVIRA GÓMEZ', 913452378, 3134253651, 'CORREO4@GMAIL.COM', '*******', 'RESIDENTE', 'ACTIVO'),
 (5, 'LUÍS ÁLVAREZ', 985754332, 3134253652, 'CORREO5@GMAIL.COM', '*******', 'RESIDENTE', 'ACTIVO'),
 (6, 'ELÍAS PÉREZ', 912649987, 3134253653, 'CORREO6@GMAIL.COM', '*******', 'RESIDENTE', 'ACTIVO'),
 (7, 'JUAN GARCÍA', 933457866, 3134253654, 'CORREO7@GMAIL.COM', '*******', 'RESIDENTE', 'ACTIVO'),
 (8, 'JOSÉ ÁLVAREZ', 942347127, 3134253655, 'CORREO8@GMAIL.COM', '*******', 'RESIDENTE', 'ACTIVO'),
 (9, 'MANUEL MENÉNDEZ', 914354866, 3134253656, 'CORREO9@GMAIL.COM', '*******', 'RESIDENTE', 'ACTIVO'),
 (10, 'FRANCISCO CUEVAS', 936628554, 3134253657, 'CORREO10@GMAIL.COM', '*******', 'RESIDENTE', 'ACTIVO'),
 (11, 'ELISA COLLADO', 942049586, 3134253658, 'CORREO11@GMAIL.COM', '*******', 'RESIDENTE', 'INACTIVO'),
 (12, 'ESTEBAN PASCUAL', 981345239, 3134253659, 'CORREO12@GMAIL.COM', '*******', 'RESIDENTE', 'ACTIVO'),
 (13, 'ANA JIMÉNEZ', 913299475, 3134253660, 'CORREO13@GMAIL.COM', '*******', 'RESIDENTE', 'ACTIVO'),
 (14, 'LUISA FERNÁNDEZ', 939558365, 3134253661, 'CORREO14@GMAIL.COM', '*******', 'RESIDENTE', 'ACTIVO'),
 (15, 'JOSÉ MANZANO', 982986944, 3134253662, 'CORREO15@GMAIL.COM', '*******', 'RESIDENTE', 'ACTIVO'),
 (16, 'CARLOS BELTRÁN', 980495288, 3134253663, 'CORREO16@GMAIL.COM', '*******', 'RESIDENTE', 'ACTIVO'),
 (17, 'FAUSTINO PÉREZ', 987945368, 3134253664, 'CORREO17@GMAIL.COM', '*******', 'ADMINISTRADOR', 'ACTIVO'),
 (18, 'JUAN GARCÍA', 913859234, 3134253665, 'CORREO18@GMAIL.COM', '*******', 'OPERARIO', 'ACTIVO'),
 (19, 'MARÍA GÓMEZ', 953756259, 3134253666, 'CORREO19@GMAIL.COM', '*******', 'RESIDENTE', 'ACTIVO'),
 (20, 'ASUNCIÓN SALADO', 953452567, 3134253667, 'CORREO20@GMAIL.COM', '*******', 'RESIDENTE', 'ACTIVO'),
 (21, 'ELISA DAPENA', 936692866, 3134253668, 'CORREO21@GMAIL.COM', '*******', 'RESIDENTE', 'ACTIVO'),
 (22, 'LAURA CARRASCO', 927785235, 3134253669, 'CORREO22@GMAIL.COM', '*******', 'RESIDENTE', 'ACTIVO'),
 (23, 'MANUEL GUERRA', 954869234, 3134253670, 'CORREO23@GMAIL.COM', '*******', 'RESIDENTE', 'INACTIVO'),
 (24, 'CARLOS GONZÁLEZ', 976388934, 3134253671, 'CORREO24@GMAIL.COM', '*******', 'RESIDENTE', 'ACTIVO'),
 (25, 'JOSÉ GARCÍA', 918459346, 3134253672, 'CORREO25@GMAIL.COM', '*******', 'OPERARIO', 'ACTIVO'),
 (26, 'ELVIRA IGLESIAS', 933486984, 3134253673, 'CORREO26@GMAIL.COM', '*******', 'RESIDENTE', 'ACTIVO'),
 (27, 'ABEL GONZÁLEZ', 985597315, 3134253674, 'CORREO27@GMAIL.COM', '*******', 'RESIDENTE', 'ACTIVO'),
 (28, 'ADRIÁN ÁLVAREZ', 912495973, 3134253675, 'CORREO28@GMAIL.COM', '*******', 'RESIDENTE', 'ACTIVO'),
 (29, 'JOSÉ PASCUAL', 975694035, 3134253676, 'CORREO29@GMAIL.COM', '*******', 'RESIDENTE', 'ACTIVO'),
 (30, 'JUAN CONRADO', 920268648, 3134253677, 'CORREO30@GMAIL.COM', '*******', 'RESIDENTE', 'ACTIVO'),
 (31, 'CARLOS SANZ', 934587615, 3134253678, 'CORREO31@GMAIL.COM', '*******', 'RESIDENTE', 'ACTIVO'),
 (32, 'ANGEL SANTAMARÍA', 915483627, 3134253679, 'CORREO32@GMAIL.COM', '*******', 'RESIDENTE', 'ACTIVO'),
 (33, 'JOAQUÍN FERNANDEZ', 923548965, 3134253680, 'CORREO33@GMAIL.COM', '*******', 'RESIDENTE', 'ACTIVO'),
 (34, 'PEDRO IGLESIAS', 916872354, 3134253681, 'CORREO34@GMAIL.COM', '*******', 'RESIDENTE', 'ACTIVO'),
 (35, 'MARIA ARDANZA', 978564025, 3134253682, 'CORREO35@GMAIL.COM', '*******', 'ADMINISTRADOR', 'ACTIVO'),
 (36, 'PEDRO SERRANO', 935681245, 3134253683, 'CORREO36@GMAIL.COM', '*******', 'RESIDENTE', 'ACTIVO'),
 (37, 'LUIS GARCÍA', 913532785, 3134253684, 'CORREO37@GMAIL.COM', '*******', 'RESIDENTE', 'ACTIVO'),
 (38, 'CARLOS GÓMEZ', 921548762, 3134253685, 'CORREO38@GMAIL.COM', '*******', 'RESIDENTE', 'ACTIVO'),
 (39, 'JUAN LOPEZ', 929564739, 3134253686, 'CORREO39@GMAIL.COM', '*******', 'OPERARIO', 'ACTIVO'),
 (40, 'PEDRO ALBEIRO', 937580716, 3134253687, 'CORREO40@GMAIL.COM', '*******', 'RESIDENTE', 'ACTIVO'),
 (41, 'MANUEL ROJAS', 945596693, 3134253688, 'CORREO41@GMAIL.COM', '*******', 'RESIDENTE', 'ACTIVO'),
 (42, 'JUANA RUIZ', 953612670, 3134253689, 'CORREO42@GMAIL.COM', '*******', 'RESIDENTE', 'ACTIVO'),
 (43, 'ISA ROJAS', 961628647, 3134253690, 'CORREO43@GMAIL.COM', '*******', 'OPERARIO', 'INACTIVO'),
 (44, 'JUAN VARGAS', 969644624, 3134253691, 'CORREO44@GMAIL.COM', '*******', 'RESIDENTE', 'INACTIVO'),
 (45, 'ANA CASTILLO', 977660601, 3134253692, 'CORREO45@GMAIL.COM', '*******', 'RESIDENTE', 'ACTIVO'),
 (46, 'SOFIA BELTRAN', 985676578, 3134253693, 'CORREO46@GMAIL.COM', '*******', 'RESIDENTE', 'ACTIVO'),
 (47, 'MARIA CARRILLO', 993692555, 3134253694, 'CORREO47@GMAIL.COM', '*******', 'RESIDENTE', 'ACTIVO'),
 (48, 'PEDRO ALFONSO', 1001708532, 3134253695, 'CORREO48@GMAIL.COM', '*******', 'RESIDENTE', 'ACTIVO'),
 (49, 'ANDERSON MARINEZ', 1009724509, 3134253696, 'CORREO49@GMAIL.COM', '*******', 'OPERARIO', 'ACTIVO'),
 (50, 'LUIS ALCANTAR', 1017740486, 3134253697, 'CORREO50@GMAIL.COM', '*******', 'RESIDENTE', 'ACTIVO');


 INSERT INTO `conjunto_mio_bbdd`.`torre` (`id_torre`) VALUES (1), (2), (3), (4), (5), (6), (7);

 INSERT INTO `conjunto_mio_bbdd`.`apartamento` (`id_apartamento`, `apartamento`, `id_torre`) VALUES (1, 101, 1),
 (2, 102, 1),
 (3, 103, 1),
 (4, 104, 1),
 (5, 201, 1),
 (6, 202, 1),
 (7, 203, 1),
 (8, 204, 1),
 (9, 301, 1),
 (10, 302, 1),
 (11, 303, 1),
 (12, 304, 1),
 (13, 401, 1),
 (14, 402, 1),
 (15, 403, 1),
 (16, 404, 1),
 (17, 501, 1),
 (18, 502, 1),
 (19, 503, 1),
 (20, 504, 1),
 (21, 601, 1),
 (22, 602, 1),
 (23, 603, 1),
 (24, 604, 1),
 (25, 701, 1),
 (26, 702, 1),
 (27, 703, 1),
 (28, 704, 1),
 (29, 801, 1),
 (30, 802, 1),
 (31, 803, 1),
 (32, 804, 1),
 (33, 901, 1),
 (34, 902, 1),
 (35, 903, 1),
 (36, 904, 1),
 (37, 1001, 1),
 (38, 1002, 1),
 (39, 1003, 1),
 (40, 1004, 1),
 (41, 101, 2),
 (42, 102, 2),
 (43, 103, 2),
 (44, 104, 2),
 (45, 201, 2),
 (46, 202, 2),
 (47, 203, 2),
 (48, 204, 2),
 (49, 301, 2),
 (50, 302, 2),
 (51, 303, 2),
 (52, 304, 2),
 (53, 401, 2),
 (54, 402, 2),
 (55, 403, 2),
 (56, 404, 2),
 (57, 501, 2),
 (58, 502, 2),
 (59, 503, 2),
 (60, 504, 2),
 (61, 601, 2),
 (62, 602, 2),
 (63, 603, 2),
 (64, 604, 2),
 (65, 701, 2),
 (66, 702, 2),
 (67, 703, 2),
 (68, 704, 2),
 (69, 801, 2),
 (70, 802, 2),
 (71, 803, 2),
 (72, 804, 2),
 (73, 901, 2),
 (74, 902, 2),
 (75, 903, 2),
 (76, 904, 2),
 (77, 1001, 2),
 (78, 1002, 2),
 (79, 1003, 2),
 (80, 1004, 2);


 INSERT INTO `conjunto_mio_bbdd`.`residente` (`id_personas`, `Tipo_residente`, `id_apartamento`) VALUES (49, 'PROPIETARIO', 2),
 (30, 'ARRENDATARIO', 3),
 (20, 'PROPIETARIO', 10),
 (40, 'PROPIETARIO', 1),
 (23, 'PROPIETARIO', 15),
 (12, 'PROPIETARIO', 5),
 (10, 'PROPIETARIO', 7),
 (15, 'ARRENDATARIO', 12),
 (35, 'ARRENDATARIO', 8),
 (13, 'ARRENDATARIO', 4),
 (22, 'ARRENDATARIO', 9),
 (41, 'PROPIETARIO', 6),
 (37, 'PROPIETARIO', 14),
 (21, 'PROPIETARIO', 13),
 (39, 'PROPIETARIO', 17),
 (31, 'PROPIETARIO', 20),
 (9, 'PROPIETARIO', 16),
 (17, 'PROPIETARIO', 19),
 (25, 'PROPIETARIO', 18),
 (42, 'PROPIETARIO', 21),
 (14, 'ARRENDATARIO', 11);


 INSERT INTO `conjunto_mio_bbdd`.`administrador` (`id_personas`, `horario_Entrada`, `Horario_Salida`, `tarjeta_profesional`) VALUES (1, '07:48:00 AM', '02:00:00 PM', 23493240123),
 (2, '02:00:00 PM', '06:00:00 PM', 23493240123),
 (3, '08:00:00 AM', '02:00:00 PM', 23493240123),
 (4, '12:00:00 AM', '04:00:00 PM', 23493240123),
 (5, '12:00:00 PM', '03:00:00 PM', 23493240123);


 INSERT INTO `conjunto_mio_bbdd`.`operario` (`id_personas`, `cargo`, `fecha_ingreso`, `fecha_salida`, `observaciones`) VALUES (6, 'VIGILANTE', '21/1/20', '22/1/21', 'Ninguna'),
 (7, 'VIGILANTE', '21/1/21', '22/1/22', 'Ninguna'),
 (8, 'VIGILANTE', '21/1/22', '22/1/23', 'Ninguna'),
 (9, 'VIGILANTE', '21/1/23', '22/1/24', 'Ninguna'),
 (13, 'VIGILANTE', '21/1/24', '22/1/25', 'Ninguna'),
 (3, 'ASEADOR', '21/1/25', '22/1/26', 'Ninguna'),
 (4, 'ASEADOR', '21/1/26', '22/1/27', 'Ninguna'),
 (5, 'ASEADOR', '21/1/27', '22/1/28', 'Ninguna');


 INSERT INTO `conjunto_mio_bbdd`.`solicitudes` (`id_solicitudes`, `fecha_solicitud`, `fecha_Evento`, `id_Residente`, `estado`) VALUES (1, '21/04/07 08:00 AM', '21/04/13', 1, 'PENDIENTE'),
 (2, '21/04/08 08:00 AM', '21/04/14', 2, 'APROBADA'),
 (3, '21/04/09 08:00 AM', '21/04/15', 3, 'PENDIENTE'),
 (4, '21/04/10 08:00 AM', '21/04/16', 4, 'PENDIENTE'),
 (5, '21/04/11 08:00 AM', '21/04/17', 5, 'APROBADA'),
 (6, '21/04/12 08:00 AM', '21/04/18', 1, 'APROBADA'),
 (7, '21/04/13 08:00 AM', '21/04/19', 1, 'APROBADA'),
 (8, '21/04/14 08:00 AM', '21/04/20', 1, 'RECHAZADA'),
 (9, '21/04/15 08:00 AM', '21/04/21', 1, 'APROBADA');

 INSERT INTO `conjunto_mio_bbdd`.`tipo_servicio` (`id_tiposervicio`, `nombre`, `valor`, `id_solicitudes`) VALUES (1, 'RESERVA SALON', 100000, 1),
 (2, 'ALQUILER PARQUEADERO', 90000, 8),
 (3, 'RESERVA SALON', 100000, 3),
 (4, 'RESERVA SALON', 100000, 2),
 (5, 'ALQUILER PARQUEADERO', 90000, 5),
 (6, 'RESERVA SALON', 100000,6 ),
 (7, 'RESERVA TERRAZA', 150000, 7),
 (8, 'ALQUILER PARQUEADERO', 90000, 9),
 (9, 'RESERVA SALON', 100000, 4);


 INSERT INTO `conjunto_mio_bbdd`.`mensaje` (`id_mensaje`, `nombre`, `texto`, `fecha`, `Id_Administrador`) VALUES (1, 'Daños', 'revisar daños', '21/04/01', 1),
 (2, 'Archivos', 'revisar archivo de daños', '21/04/02', 4),
 (3, 'Limpieza', 'revisar y aceptar el aseo', '21/04/03', 5),
 (4, 'Daño', 'revisar el daño de la torre 1', '21/04/04', 2),
 (5, 'Daños', 'revisar daños', '21/04/01', 4),
 (6, 'Archivos', 'revisar archivo de daños', '21/04/02', 2),
 (7, 'Limpieza', 'revisar y aceptar el aseo', '21/04/03', 1),
 (8, 'Daño', 'revisar el daño de la torre 1', '21/04/04', 1),
 (9, 'Daños', 'revisar daños', '21/04/01', 4),
 (10, 'Archivos', 'revisar archivo de daños', '21/04/02', 5),
 (11, 'Limpieza', 'revisar y aceptar el aseo', '21/04/03', 2),
 (12, 'Daño', 'revisar el daño de la torre 1', '21/04/04', 4),
 (13, 'Daños', 'revisar daños', '21/04/01', 2),
 (14, 'Archivos', 'revisar archivo de daños', '21/04/02', 1),
 (15, 'Limpieza', 'revisar y aceptar el aseo', '21/04/03', 1),
 (16, 'Daño', 'revisar el daño de la torre 1', '21/04/04', 4),
 (17, 'Daños', 'revisar daños', '21/04/01', 5),
 (18, 'Archivos', 'revisar archivo de daños', '21/04/02', 2),
 (19, 'Limpieza', 'revisar y aceptar el aseo', '21/04/03', 4),
 (20, 'Daño', 'revisar el daño de la torre 1', '21/04/04', 2);

 INSERT INTO `conjunto_mio_bbdd`.`disponibilidad` (`Id_Disponibilidad`, `Estado`, `Descripcion`) VALUES (1, 'RESERVADO', 'se pide para la fecha solicitada el salon comunal'),
 (2, 'RECHAZADO', 'se pide para la fecha solicitada el salon comunal'),
 (3, 'RESERVADO', 'se pide para la fecha solicitada el salon comunal'),
 (4, 'RESERVADO', 'se pide para la fecha solicitada el salon comunal'),
 (5, 'RECHAZADO', 'se pide para la fecha solicitada el salon comunal'),
 (6, 'RESERVADO', 'se pide para la fecha solicitada el salon comunal');


 INSERT INTO `conjunto_mio_bbdd`.`asigna` (`fecha`, `id_Tiposervicio`, `id_Disponibilidad`) VALUES ('21/04/01', 1, 1),
 ('21/04/02', 2, 4),
 ('21/04/03', 3, 2),
 ('21/04/04', 4, 3),
 ('21/04/05', 5, 5);


 INSERT INTO `conjunto_mio_bbdd`.`recibo` (`id_recibo`, `fecha`, `valor`, `Valor_Pendiente`, `IVA`, `Descuento`, `Estado`, `id_solicitudes`) VALUES (1, '21/04/14', 100000, 50000, 2500, 0, 'SALDO PENDIENTE', 1),
 (2, '21/04/15', 90000, 0, 2000, 0, 'APROBADO', 3),
 (3, '21/04/16', 100000, 25000, 2500, 0, 'SALDO ATRASADO', 4),
 (4, '21/04/17', 100000, 0, 2500, 0, 'APROBADO', 6),
 (5, '21/04/18', 1500000, 0, 3000, 25000, 'APROBADO', 7),
 (6, '21/04/19', 1500000, 100000, 3000, 0, 'SALDO PENDIENTE', 2),
 (7, '21/04/20', 90000, 90000, 2000, 1000, 'PAGO PENDIENTE',5),
 (8, '21/04/21', 90000, 10000, 2000, 0, 'APROBADO', 9),
 (9, '21/04/22', 90000, 0, 2000, 0, 'APROBADO', 8);


 INSERT INTO `conjunto_mio_bbdd`.`visitantes` (`Id_Visitantes`, `Nombres`, `Apellidos`, `Documento`, `Fecha_Ingreso`, `Fecha_Salida`, `Observaciones`, `Id_Residente`, `Id_Operario`) VALUES (1, 'ANGEL', 'MARTÍNEZ', 914456435, '21/04/07 08:00 AM', '21/04/07 08:00 AM', 'Ninguna', 2, 8),
 (2, 'JUAN', 'GARCÍA', 985323434, '21/04/08 08:00 AM', '21/04/08 08:00 AM', 'Ninguna', 4, 6),
 (3, 'ANA', 'FERNÁNDEZ', 934565343, '21/04/09 08:00 AM', '21/04/09 08:00 AM', 'Ninguna', 1, 1),
 (4, 'ELVIRA', 'GÓMEZ', 913452378, '21/04/10 08:00 AM', '21/04/10 08:00 AM', 'Ninguna', 4, 2),
 (5, 'LUÍS', 'ÁLVAREZ', 985754332, '21/04/11 08:00 AM', '21/04/11 08:00 AM', 'Ninguna', 5, 6),
 (6, 'ELÍAS', 'PÉREZ', 912649987, '21/04/12 08:00 AM', '21/04/12 08:00 AM', 'Ninguna', 8, 3),
 (7, 'JUAN', 'GARCÍA', 933457866, '21/04/13 08:00 AM', '21/04/13 08:00 AM', 'Ninguna', 9, 2),
 (8, 'JOSÉ', 'ÁLVAREZ', 942347127, '21/04/14 08:00 AM', '21/04/14 08:00 AM', 'Ninguna', 7, 4);